Java basico,intro a java en eclipse,3,d.vergara112
C y binario,Trabajar archivos binarios,4,d.vergara112
criar a un cachorro,elementos basicos para la crianza de un perro,1,d.vergara112
curso java,facil,5,d.vergara112
introducción a la programación,primer curso ingenieria,facil,mc.aponte2
introducción a la programación,primer curso ingenieria,facil,mc.aponte2
introducción a la programación,primer curso ingenieria,facil,mc.aponte2
introducción a la programación,primer curso ingenieria,facil,mc.aponte2
introducción a la programación,primer curso ingenieria,facil,mc.aponte2
introducción a la programación,primer curso ingenieria,facil,mc.aponte2
